"Characteristic","Category","Non-wedding CCM singers","Current wedding-band singers","Former wedding-band singers","Omnibus P value","BH q value","VariableID","Adjusted pairwise contrasts"
"Participation in singing classes","No","105/328 (32.0%)","15/44 (34.1%)","9/40 (22.5%)",".43237",".4864","Participation in singing classes","Current vs non-wedding: OR 0.63 (95% CI 0.27 to 1.44), P = .275, BH q = .699
Current vs former: OR 0.66 (95% CI 0.20 to 2.19), P = .496, BH q = .773
Former vs non-wedding: OR 0.95 (95% CI 0.36 to 2.53), P = .924, BH q = .924"
"Participation in singing classes","Yes","223/328 (68.0%)","29/44 (65.9%)","31/40 (77.5%)",".43237",".4864","Participation in singing classes","Current vs non-wedding: OR 0.63 (95% CI 0.27 to 1.44), P = .275, BH q = .699
Current vs former: OR 0.66 (95% CI 0.20 to 2.19), P = .496, BH q = .773
Former vs non-wedding: OR 0.95 (95% CI 0.36 to 2.53), P = .924, BH q = .924"
"Individual singing lessons","No","92/328 (28.0%)","22/44 (50.0%)","13/40 (32.5%)",".01212",".0273","Individual singing lessons","Current vs non-wedding: OR 0.23 (95% CI 0.10 to 0.53), P < .001, BH q = .008
Current vs former: OR 0.47 (95% CI 0.15 to 1.46), P = .191, BH q = .699
Former vs non-wedding: OR 0.48 (95% CI 0.19 to 1.22), P = .122, BH q = .695"
"Individual singing lessons","Yes","236/328 (72.0%)","22/44 (50.0%)","27/40 (67.5%)",".01212",".0273","Individual singing lessons","Current vs non-wedding: OR 0.23 (95% CI 0.10 to 0.53), P < .001, BH q = .008
Current vs former: OR 0.47 (95% CI 0.15 to 1.46), P = .191, BH q = .699
Former vs non-wedding: OR 0.48 (95% CI 0.19 to 1.22), P = .122, BH q = .695"
"Regularity of individual singing lessons","Single meetings","54/236 (22.9%)","3/22 (13.6%)","4/27 (14.8%)",".50762",".5076","Regularity of individual singing lessons","Not modeled: conditional on reporting individual singing lessons."
"Regularity of individual singing lessons","Regular","182/236 (77.1%)","19/22 (86.4%)","23/27 (85.2%)",".50762",".5076","Regularity of individual singing lessons","Not modeled: conditional on reporting individual singing lessons."
"Self-reported knowledge of vocal technique","Enough knowledge","12/328 (3.7%)","2/44 (4.5%)","2/40 (5.0%)",".11149",".2007","Self-reported knowledge of vocal technique","Not modeled: retained as a multicategorical variable with no unambiguous binary coding."
"Self-reported knowledge of vocal technique","Enough, but eager to learn more","178/328 (54.3%)","22/44 (50.0%)","28/40 (70.0%)",".11149",".2007","Self-reported knowledge of vocal technique","Not modeled: retained as a multicategorical variable with no unambiguous binary coding."
"Self-reported knowledge of vocal technique","No, singing intuitively","12/328 (3.7%)","2/44 (4.5%)","3/40 (7.5%)",".11149",".2007","Self-reported knowledge of vocal technique","Not modeled: retained as a multicategorical variable with no unambiguous binary coding."
"Self-reported knowledge of vocal technique","No, but eager to learn more","126/328 (38.4%)","18/44 (40.9%)","7/40 (17.5%)",".11149",".2007","Self-reported knowledge of vocal technique","Not modeled: retained as a multicategorical variable with no unambiguous binary coding."
"Regularity of voice examinations","Yes","29/328 (8.8%)","7/44 (15.9%)","7/40 (17.5%)",".00225",".0101","Regularity of voice examinations","Not modeled: retained as a three-category variable because regular examinations and examinations prompted by voice problems represent distinct care patterns."
"Regularity of voice examinations","No","165/328 (50.3%)","10/44 (22.7%)","14/40 (35.0%)",".00225",".0101","Regularity of voice examinations","Not modeled: retained as a three-category variable because regular examinations and examinations prompted by voice problems represent distinct care patterns."
"Regularity of voice examinations","Only when problems","134/328 (40.9%)","27/44 (61.4%)","19/40 (47.5%)",".00225",".0101","Regularity of voice examinations","Not modeled: retained as a three-category variable because regular examinations and examinations prompted by voice problems represent distinct care patterns."
"Professional performing the voice examination","GP","77/183 (42.1%)","17/37 (45.9%)","9/29 (31.0%)",".15924",".2389","Professional performing the voice examination","Not modeled: conditional on undergoing a voice examination and multicategorical."
"Professional performing the voice examination","ENT","45/183 (24.6%)","10/37 (27.0%)","4/29 (13.8%)",".15924",".2389","Professional performing the voice examination","Not modeled: conditional on undergoing a voice examination and multicategorical."
"Professional performing the voice examination","Phoniatrician","61/183 (33.3%)","10/37 (27.0%)","16/29 (55.2%)",".15924",".2389","Professional performing the voice examination","Not modeled: conditional on undergoing a voice examination and multicategorical."
"Time since last ENT visit","In the last year","65/328 (19.8%)","14/44 (31.8%)","12/40 (30.0%)",".00060",".0054","Time since last ENT visit","Current vs non-wedding: OR 1.52 (95% CI 0.70 to 3.29), P = .291, BH q = .699
Current vs former: OR 1.17 (95% CI 0.42 to 3.27), P = .765, BH q = .864
Former vs non-wedding: OR 1.30 (95% CI 0.56 to 3.02), P = .544, BH q = .773"
"Time since last ENT visit","2 years ago","53/328 (16.2%)","10/44 (22.7%)","7/40 (17.5%)",".00060",".0054","Time since last ENT visit","Current vs non-wedding: OR 1.52 (95% CI 0.70 to 3.29), P = .291, BH q = .699
Current vs former: OR 1.17 (95% CI 0.42 to 3.27), P = .765, BH q = .864
Former vs non-wedding: OR 1.30 (95% CI 0.56 to 3.02), P = .544, BH q = .773"
"Time since last ENT visit","3 years ago","28/328 (8.5%)","9/44 (20.5%)","4/40 (10.0%)",".00060",".0054","Time since last ENT visit","Current vs non-wedding: OR 1.52 (95% CI 0.70 to 3.29), P = .291, BH q = .699
Current vs former: OR 1.17 (95% CI 0.42 to 3.27), P = .765, BH q = .864
Former vs non-wedding: OR 1.30 (95% CI 0.56 to 3.02), P = .544, BH q = .773"
"Time since last ENT visit","4 years ago","19/328 (5.8%)","5/44 (11.4%)","1/40 (2.5%)",".00060",".0054","Time since last ENT visit","Current vs non-wedding: OR 1.52 (95% CI 0.70 to 3.29), P = .291, BH q = .699
Current vs former: OR 1.17 (95% CI 0.42 to 3.27), P = .765, BH q = .864
Former vs non-wedding: OR 1.30 (95% CI 0.56 to 3.02), P = .544, BH q = .773"
"Time since last ENT visit",">5 years ago","31/328 (9.5%)","2/44 (4.5%)","5/40 (12.5%)",".00060",".0054","Time since last ENT visit","Current vs non-wedding: OR 1.52 (95% CI 0.70 to 3.29), P = .291, BH q = .699
Current vs former: OR 1.17 (95% CI 0.42 to 3.27), P = .765, BH q = .864
Former vs non-wedding: OR 1.30 (95% CI 0.56 to 3.02), P = .544, BH q = .773"
"Time since last ENT visit","Never/cannot remember","132/328 (40.2%)","4/44 (9.1%)","11/40 (27.5%)",".00060",".0054","Time since last ENT visit","Current vs non-wedding: OR 1.52 (95% CI 0.70 to 3.29), P = .291, BH q = .699
Current vs former: OR 1.17 (95% CI 0.42 to 3.27), P = .765, BH q = .864
Former vs non-wedding: OR 1.30 (95% CI 0.56 to 3.02), P = .544, BH q = .773"
"Time since last phoniatrician visit","In the last year","34/328 (10.4%)","9/44 (20.5%)","11/40 (27.5%)",".00745",".0223","Time since last phoniatrician visit","Current vs non-wedding: OR 1.50 (95% CI 0.67 to 3.38), P = .326, BH q = .699
Current vs former: OR 0.72 (95% CI 0.23 to 2.24), P = .567, BH q = .773
Former vs non-wedding: OR 2.09 (95% CI 0.79 to 5.56), P = .139, BH q = .695"
"Time since last phoniatrician visit","2 years ago","23/328 (7.0%)","3/44 (6.8%)","7/40 (17.5%)",".00745",".0223","Time since last phoniatrician visit","Current vs non-wedding: OR 1.50 (95% CI 0.67 to 3.38), P = .326, BH q = .699
Current vs former: OR 0.72 (95% CI 0.23 to 2.24), P = .567, BH q = .773
Former vs non-wedding: OR 2.09 (95% CI 0.79 to 5.56), P = .139, BH q = .695"
"Time since last phoniatrician visit","3 years ago","14/328 (4.3%)","1/44 (2.3%)","1/40 (2.5%)",".00745",".0223","Time since last phoniatrician visit","Current vs non-wedding: OR 1.50 (95% CI 0.67 to 3.38), P = .326, BH q = .699
Current vs former: OR 0.72 (95% CI 0.23 to 2.24), P = .567, BH q = .773
Former vs non-wedding: OR 2.09 (95% CI 0.79 to 5.56), P = .139, BH q = .695"
"Time since last phoniatrician visit","4 years ago","13/328 (4.0%)","0/44 (0.0%)","2/40 (5.0%)",".00745",".0223","Time since last phoniatrician visit","Current vs non-wedding: OR 1.50 (95% CI 0.67 to 3.38), P = .326, BH q = .699
Current vs former: OR 0.72 (95% CI 0.23 to 2.24), P = .567, BH q = .773
Former vs non-wedding: OR 2.09 (95% CI 0.79 to 5.56), P = .139, BH q = .695"
"Time since last phoniatrician visit",">5 years ago","15/328 (4.6%)","1/44 (2.3%)","3/40 (7.5%)",".00745",".0223","Time since last phoniatrician visit","Current vs non-wedding: OR 1.50 (95% CI 0.67 to 3.38), P = .326, BH q = .699
Current vs former: OR 0.72 (95% CI 0.23 to 2.24), P = .567, BH q = .773
Former vs non-wedding: OR 2.09 (95% CI 0.79 to 5.56), P = .139, BH q = .695"
"Time since last phoniatrician visit","Never/cannot remember","229/328 (69.8%)","30/44 (68.2%)","16/40 (40.0%)",".00745",".0223","Time since last phoniatrician visit","Current vs non-wedding: OR 1.50 (95% CI 0.67 to 3.38), P = .326, BH q = .699
Current vs former: OR 0.72 (95% CI 0.23 to 2.24), P = .567, BH q = .773
Former vs non-wedding: OR 2.09 (95% CI 0.79 to 5.56), P = .139, BH q = .695"
"Use of over-the-counter voice products or medications","Yes","95/328 (29.0%)","17/44 (38.6%)","15/40 (37.5%)",".26875",".3455","Use of over-the-counter voice products or medications","Current vs non-wedding: OR 1.34 (95% CI 0.65 to 2.78), P = .426, BH q = .773
Current vs former: OR 1.13 (95% CI 0.42 to 3.05), P = .806, BH q = .864
Former vs non-wedding: OR 1.19 (95% CI 0.52 to 2.69), P = .681, BH q = .851"
"Use of over-the-counter voice products or medications","No","233/328 (71.0%)","27/44 (61.4%)","25/40 (62.5%)",".26875",".3455","Use of over-the-counter voice products or medications","Current vs non-wedding: OR 1.34 (95% CI 0.65 to 2.78), P = .426, BH q = .773
Current vs former: OR 1.13 (95% CI 0.42 to 3.05), P = .806, BH q = .864
Former vs non-wedding: OR 1.19 (95% CI 0.52 to 2.69), P = .681, BH q = .851"
